0,paiNGamingBR
1,carlosrene2000
2,jabderssonnaci1
3,GustavoHED
4,iKoovis
5,mandafock
6,Gustavo97017648
7,jpcoxta
8,Jonathan76Henri
9,aldyy_chen
10,GabrieliWenzel
11,PokeDreavus
12,Rafael56146388
13,Xuxu013
14,Hugo10794131
15,LoLGaMerBrPqP
16,Vilelapn
17,Lucas_L_Z
18,GBm0nteiro
19,SarkozyCF
20,KeenserOf
21,Xuxu013
22,suzani0512
23,heloizavel
24,Dyjay
25,BuddyTasak
26,JuniorOl22
27,Hellen0132
28,RafaelBrunoEN
29,MariTardochi
30,Alimenigenas2
31,Beatriz79708619
32,Br_riirii
33,eitacardeal
34,miauwburani
35,Thamycaetano2
36,ThaisLatifa
37,Primordio1
38,MareanaGlorea
39,Thay97262721
40,amandazoldan
41,imanaju
42,Dyjay
43,HuanyFranklimn0
44,cortininhas
45,companywz
46,05anakaroline
47,juu_freire
48,8038Lucas
49,AndersonBarbos_
50,vaciloukau
51,allebrandtmaria
52,blognikole
53,annedossantosbr
54,BibyMarley
55,aquinaumovey
56,LuhBenezar
57,JoaoMoniz6
58,grierdruws
59,JhowfOliver
60,NoletaMa
61,issiwar
62,wququ
63,grierdruws
64,dianihoe
65,allukaaaaa
66,MaxD302
67,cmilasoIo
68,upsidepops
69,dangerousvamily
70,CCZNEXS
71,subsequents
72,lwtmeet
73,lnfinityspider
74,onlyariwna
75,danozob
76,glowdemix
77,F4NCYZ4YN
78,bzzlepic
79,sliktnspirit
80,dearccmila
81,DaBreezyBiebs
82,_luizz_1
83,stiIesbanshe
84,bzzlepic
85,madsbwmbshell
86,lmjcontroIs
87,amberaised
88,trustzaynlk
89,Lovatix5
90,dakonce
91,ifavdobriez
92,truesjaguar
93,kccluster
94,jaguarthing
95,salvatore_becka
96,reaIsizzler
97,csmilaflowrs
98,dakothings
99,luvinyeshua
100,laurevents
101,delaurvingne
102,hlodthgt
103,robwtdonwey
104,perriedwardssx
105,delaurvingne
106,belloren97
107,mulherdaDinah97
108,LuzDeMelo2
109,nkhearth
110,jauresputa
111,packsdetudo
112,karlasorgasm
113,HansenDeCabello
114,norminahkcc
115,camrenzer_love
116,lanapilotos
117,badzspider
118,OJARDELITO
119,camrsonly
120,RiseGain
121,brookecontrols
122,djmfrees
123,najaslmj
124,nashputa
125,mulherdaDinah97
126,jenninthedark_
127,Kingobrien_
128,K1000la_Cabello
129,CarolineNgang15
130,bettyejug
131,LizaRosendo1
132,kittycatmood
133,tuotipaws
134,lukazmendez
135,cantoresatrizes
136,reynalcarmina
137,yoonzela
138,wintersoldierrz
139,dark_olvr
140,trilezzusy
141,fifthlights_
142,nielygreys
143,Princess0fShawn
144,brilharafael
145,ohfuckmars
146,nielygreys
147,itsRaphaeI
148,TheMJLegion
149,shawnsteinfeId
150,trowxahere
151,empttyalex
152,OhLovelyAngel
153,pridetomholland
154,blackwmximoff
155,netolands
156,dobtyler
157,hoseokaangel
158,normandmxndes
159,zquadrugx
160,deasilva800
161,lucyviceswife
162,drxamcatchr
163,twalkingdfamily
164,tloserscIub
165,soulwolfhard
166,blackwmximoff
167,babetargaryen
168,hlouistom
169,dearstitchs
170,lcandmmw
171,lovatusjdb
172,ironwidw
173,boneta_br
174,ifsbenedict
175,camilasgardian
176,sredbluy
177,FALLSABELIEBER
178,wonderwitchesx
179,lostwxlight
180,PLornaDane
181,galxyguardians
182,crackerous
183,hollawndr
184,nejismo
185,romanoffparker
186,ironwidw
187,always_hstylesz
188,isaturtlec
189,avengersfsquad
190,byakuzao
191,arcticdrogas
192,itxparker
193,sadsensate
194,valkyrieinwhite
195,rocknIee
196,tonysquill
197,jupiter_iana
198,dizzeealien
199,siriusvblack
200,capcevanss
201,wolfhollxnd
202,neverbealohe
203,jmoswen
204,timmyfav
205,chandlergller
206,neverbealohe
207,Iammoremylrds
208,skarsgardiana
209,jogoxvorazes
210,satansfemale
211,stit__
212,potterarchive
213,GreenBeatlesDay
214,scofpinkman
215,exoheroin
216,escarloki
217,hsrrymoon
218,rockwitharrison
219,centralperkch
220,DoritosDoCevans
221,schnappstore
222,lixoarrumadinho
223,shawnlovatokcc
224,mortwestou
225,freakgotham
226,ironwidw
227,arcticdrogas
228,CBeateiz
229,Iuhanvevo
230,cacetinhonocu
231,maluxxxr
232,escritosnaborda
233,luiza_massulo
234,crisesquad
235,isabellasouzaxx
236,GatoEspacial19
237,seIenainspires
238,fadamalvadinha
239,sosedated
240,aIanzoka
241,ahsVee
242,heavydysoul
243,mffxps
244,forgen19
245,nbhdcruels
246,heavydysoul
247,zamilaeffect
248,spnstranger
249,loxprise
250,alrigths
251,lovrboyz
252,debocheey
253,hayleydetails
254,Vitorialixinho
255,mahollox
256,torbussolaro
257,swIenaja
258,bestofnbhd
259,irmadopercyj
260,neighbourmarvel
261,vikngxs
262,percyjstan
263,yelyahtoxic
264,FALLTOULOUIST
265,usbzzl
266,loxprise
267,144hzbolado
268,Klamilledefen
269,juelhxftkcc
270,miladrewb
271,YtamaraClara
272,rwtherfordeus
273,lmjatlantics
274,prdslane
275,amaniemisa
276,ozeiasfer1
277,xiaomeizhang8
278,duarevenge
279,liwrsrelic
280,adorbsloren02
281,allstarmusicla
282,birutoide
283,handwritxen
284,purposxbizzle
285,fetstiles
286,heavydysoul
287,arcticdrogas
288,darkblueof
289,aIanzoka
290,justicxIeague
291,ifavmonsta
292,toxicswills
293,dirrtyshawn
294,shawmilasecret
295,afetoluphia
296,calmanath
297,afrontsosquad
298,fucksuoh
299,cxldwatter
300,prdsdfsoul
301,Samuel_1917
302,zinojl
303,rmcfpsg
304,spierbitch
305,followtricksup
306,getewaycar
307,shawmilasecret
308,infinity1d_br
309,rrodrigoinv
310,unicornsamke
311,Bonequinhodaweb
312,FixedMatchesUK
313,JosephW18011313
314,jordan_ladislau
315,YasminDan
316,ElPresidente044
317,Edwinn_017
318,xjoou1
319,N_TidaSA
320,Kaoane54286651
321,vinialmeidaaa1
322,lexiecbello
323,whityousg
324,taepoemes
325,flakesjimin
326,F4NCYZ4YN
327,PhryMysh
328,okayjeonjk
329,kpopkevo
330,starrynightmari
331,junggukflyz
332,pentacult
333,mintaehyng
334,holokth
335,cyphrr3
336,cncoftclass
337,taesbabyboy_
338,kynocry
339,Daniels_twitts
340,takingross
341,Dickiesgirl
342,coffeewithgta
343,epiphanyvhs
344,chimmyuwu
345,_7biastrash
346,hobiimyhope
347,holokth
348,vingelle00
349,tnrkook
350,joonfanclub
351,bbjeonjk
352,jggukmin
353,7bangtangods
354,_hobiflower
355,soulwmate
356,kejuanlaflare
357,chokerpjm
358,jhsoutro
359,KOOKIEHOLY
360,xstaegma
361,dollmyg
362,91dahye
363,fairysjikook
364,purpIemoonchlid
365,gwangjeongyeon
366,ksjaesthetics
367,gwangjeongyeon
368,TheEmpireOfBTS
369,cypheryoongz
370,btsasroses
371,BiasTae0613
372,jungxbaby
373,petitdabin
374,sugaloaves
375,minyoongles93
376,Shanze06
377,BabyLizzyLoves
378,jhobichi
379,LeslyPe63962882
380,kookskey
381,_prkxjmn_
382,SupremeHobo
383,twicemylifeee
384,bangtechnologys
385,mixedricey
386,holokth
387,dollmyg
388,intaellectuals
389,vtvtae
390,Hanzie_Pandsy
391,glowymyg
392,namjoonsushi
393,taeggukstars
394,yoonsterling
395,artaesticjikook
396,vkookgram
397,tbhsvt
398,x_jkomorebi
399,hixtaepist
400,HarbingerRose
401,7__souls
402,CURI0SITAE
403,taetelll
404,mintaehyng
405,AHoseokbiased3
406,singularittaek
407,pINKheerin
408,jhthaiss
409,JMkyokyo
410,AlexaGashetaaa
411,beautifxckk
412,Leekook97
413,Trxyesfcutie
414,TaefxrHxnds
415,_bbmas_bts
416,btsycx
417,YaimaCR
418,Azaleavjey
419,geeather
420,jazzy_peach_
421,glowinsuga
422,savvyjimin
423,btsfanaticz
424,_bbmas_bts
425,magjinficent
426,fictjeon
427,edgytaetae
428,MeryCarol1
429,sellers_kaye
430,atzirymontoya
431,stfutaes
432,dugyotesque
433,taemeal
434,defiant_scum
435,JHSMlCDROP
436,G_CookieDiamond
437,it_hobi
438,LoreAnDelRey
439,Heyybiblee1
440,Elizabe84225576
441,Heyybiblee1
442,jikookpj_
443,Jiminwifeu5
444,taeleporting
445,tantaeee_
446,AleGarc86643832
447,annaluvbts
448,VoteTsa
449,Duong10262690
450,LiAgustD
451,hylahahaba
452,jinnjinnjara
453,yndiraahh
454,chiaraanitaaaa
455,MattIsLotOfFan
456,Kunal12435290
457,Tedi7381
458,Leeminho2221
459,bangtaynn
460,taeleporting
461,Imeen0
462,IL0VETAE
463,illegirl95
464,svtplusbts
465,akivahb_
466,sagaciousjin
467,sllkmin
468,iVoteBT14892278
469,_rinbaby
470,chisty790
471,RonHyung__
472,rippedjoons
473,taquitosnamjoon
474,mochiminniee
475,verynofunn
476,jinscolors
477,yoonjol
478,yodolingtae
479,ihopejhope94
480,Heyybiblee1
481,tantaeee_
482,LGNDRYJeon
483,LuluNam4ever
484,ksjinart
485,agbuterastan
486,needbtsu
487,theygotjams
488,memennella
489,njjeuphoriaa
490,KlMTA3HYUNG
491,jungkookssoul
492,Adashti25
493,Niiica05
494,tae_squishy
495,BarbiGlavan
496,jeonsho0k
497,starschim_
498,jeon_ziee
499,hindqara
500,jungkookslilhoe
501,hindqara
502,98rocktampabay
503,Agust__A
504,itzelcaligari
505,YoungLungsBAND
506,US1035
507,chica_palmera
508,CarolynZurdo
509,BananaV_
510,TAEJINKO0K
511,Safaeghazali2
512,Miles_maabane
513,MyriamS05957320
514,ItWasMarch1
515,bangtanjhs
516,tae_inmyeyes
517,kayceehtabz
518,blissfuIjjk
519,pluto_joon
520,pluto_joon
521,Rebs222
522,WariWar98785309
523,mejiiin
524,smolfluffyball
525,chimchiminniiie
526,babyjunghoseok_
527,orphicmyg_
528,abbycat12
529,intencts
530,serendiPPityacc
531,firecrossed_
532,trouvaillejimin
533,bangtanfrvrlvr
534,namjulily
535,hapkiwi
536,Kim9Mi
537,asgardianhobi
538,Asfi_ff01
539,fckarmeries
540,fckarmeries
541,vantae_yeontan
542,BTSimnida13
543,jungcookedjeon
544,goldenheartjh
545,jeonfckntae
546,RudeJung
547,illegirlarmy
548,vnstigma
549,xxbtsbaexx
550,cypherfever
551,JiminsYongwonhi
552,yoonseok_chacha
553,loveililil
554,ggukki_
555,Mijim7
556,clariedelalune
557,Jungkookie12354
558,pjmswear
559,hopekooklove
560,iongobongo
561,jungcookedjeon
562,Victurali
563,effulgentdjh
564,BTS_Smeraldoo
565,jeonssigurl
566,xgeniusuga
567,bridgesugaa
568,seokjinswifeu_
569,SamykARMY
570,stargazingtae
571,martinmsongelwa
572,btsxella
573,piggychimmy
574,joonsgucci
575,gainingarmy
576,s0ft95
577,ERIKOVNA17
578,jjknoodles
579,awwweeesaaam
580,bridgesugaa
581,amyxxrosee
582,alexsislikesbts
583,xRabittax
584,BTSXXX09
585,DomJungHoseok
586,neckdeyp
587,OranMagali
588,asianacy
589,ReadBio_FF_30_
590,Tae_hobie
591,xime_ameri
592,jinicorns
593,mhay_mhay08
594,Taekook16173449
595,babangtaann
596,JiminieeDolly
597,confused_fairy
598,bts0bangtanboys
599,SuarezLiza_
600,perfectaehyungg
601,Taekook16173449
602,jungkookiesmilk
603,Mushimallowkat
604,Hobitae4
605,Caellandyluvbts
606,greytaerapper
607,milkywayjimin
608,donutsmochi
609,jmygfakelove
610,btsdaddyy
611,taekook1ee
612,btsangel_
613,gummydimple6
614,ilkimnamjoon
615,jjungk19
616,minyoontaetae
617,kycespinosa
618,STRONGWERPA
619,Hanzie_Pandsy
620,BTS__BTS2013
621,e0a__
622,Ganu511
623,o1u_u
624,r0s0r
625,i70
626,9FH__
627,nghetii
628,j__iR
629,7ll2_
630,jessiejones187
631,K___R20
632,8f8___
633,3r__8
634,A8BER_
635,warf_
636,4xccc
637,33v__
638,B2t__
639,6xxxx
640,warf_
641,mrhTLh14rpSXajD
642,dfgordor
643,selim_rezaa
644,Rola18591688
645,erhan75374729
646,Ayodiny
647,lUcNHaQWKoKfJsJ
648,a44494a
649,muhamed_999
650,jr289bot
651,ME12568620
652,8kwety
653,beso_2231
654,3wvgSDP3NW3KWD2
655,khalalFatoor
656,simayarslan422
657,rtm47x
658,zyakosuionn
659,feattk
660,E7sashHs
661,zyakosuionn
662,5vil_
663,ayoub_elmasoudi
664,1ogi_
665,QTTTO
666,7f__i
667,g9f
668,lil__lil__
669,moda_878
670,aaw2212
671,7iIF_
672,C8O3_
673,aaw2212
674,abo_s3ood64
675,tourism_sa_
676,najla_alshahry
677,NolE2Cgiq9T85Ka
678,YasminYadigar
679,NelsinLeefu
680,Noor__jj
681,Renson16
682,AlonsoVilaCa
683,RA10461373
684,bts_____tegi
685,KQ_1977
686,charly_manager
687,carloskgv
688,AwakeSilex
689,YukaTiny
690,soukarose4
691,hno0o636
692,xPaORjGiEkE28wi
693,GoM3aazZ
694,GoM3aazZ
695,_uncle1
696,KL12367
697,a73
698,SafaMansour6
699,al_Khalifi1
700,_2Hi2_
701,facelha
702,Nn_1_00
703,fssl1999
704,lj__n
705,aooood2012
706,om_loai1311
707,htoon_23
708,lllr____
709,Q1lili
710,pinkbasant
711,md_8890
712,_sm_z
713,al_Khalifi1
714,yoshidatakuro70
715,Heidrich_lang_
716,English1Maiden
717,chachayuki17
718,minturaab
719,G2CknV3sBNXNe3T
720,saida_abdelaziz
721,takeru8wari
722,DediIndriyadi2
723,UModernists
724,tellezlus
725,dav_utt
726,hisham_alsalehi
727,serenciginizz
728,Mohmd_598
729,Stabile09
730,Anjo_sdv
731,Ce_li_nha
732,nayeliromerod
733,takeru8wari
734,eng_ma91
735,vHv___
736,7llI8
737,alanzi_M_R
738,Hs___5
739,in3raj
740,sagarsamy_
741,R2Y__
742,Hsj__285
743,Ci_4l
744,v90v_
745,__Rooo7
746,ma8iaam
747,__2QN
748,7llI8
749,bruadrian21
750,Hamed9473
751,CandasSuzer
752,sanyo2300bot
753,mediblocxqtum
754,a_r_03641
755,bibeydoll11
756,sultaneyyubi
757,Blacklight_jb
758,Joelhari_Yuma
759,davutovsky
760,_bnodo2
761,try050500
762,f332244
763,HakkanOznur
764,GngrUysl
765,BerBlator
766,sanyo2300bot
767,1ll9I
768,l3I__
769,Rm_0404
770,5Y0__
771,Bas330
772,vxvvz
773,I61Il
774,7nl__
775,rmj00
776,__U77
777,9uuul
778,____nor0
779,A7tajkhelm
780,enterking1035
781,A7tajkDom
782,bahr__1
783,9eeex
784,khatimalshammar
785,22x_s
786,7nl__
787,__non_q
788,TheKanyo
789,MEiMUu_
790,qyRUgRAKmM3HUfl
791,f_mfundisi
792,53FvwFkmPePHvvC
793,W_alya533
794,saeed_ashraf11
795,Garrison_Court
796,al_resd511
797,Euccyyyy
798,lihazem
799,vFVU1ACBA5ZAYvH
800,11_clerk
801,kota15kotaro
802,NeoRadebe10
803,marston_dayle
804,WilliamsSaman
805,saeed_ashraf11
806,Rewan55060866
807,Abdalr7man39
808,omniaa_esmaat
809,aq2288
810,1SOiii
811,yasmiiinaliiiy1
812,BooksWriters_
813,iratube
814,_8io0
815,swrawt
816,resmiyunusemre
817,A21_27
818,PlanetAdorable
819,mkjuu9
820,ArdentMridul
821,Tameem_789
822,moplllk5
823,Dripcute
824,TheTravelvid
825,max_fashion17
826,ArdentMridul
827,SelimBekta12
828,Marstakisucuk
829,melisdurbi
830,iamkeremyilmaz
831,opW38kvRBVJZJXe
832,UAE28R
833,__wounded____
834,MehmetKarsz21
835,ykslekrm
836,Yoncatmll
837,mrymkbr
838,accforsale7
839,jmoscad
840,nawarh88888
841,lucaslaingo
842,MhamadKhaiery
843,CesarRostom
844,MomoM2121
845,amdalasmari07
846,erennayas
847,amdalasmari07
848,ff__rr__tt
849,Memone7Memone
850,1122ahmedsilm
851,aadl0006
852,farees_alklemah
853,ee891300
854,bottry15
855,khaled606060
856,sadaa503
857,moom_f
858,shamsheralam554
859,noirpixiemomNG
860,mrahmed97gmail1
861,Simple_q8y
862,z7_7z_
863,lVbvjV1r4v71bni
864,arielsabe
865,fooo_z111
866,_GO4_
867,farees_alklemah
868,azoozbnn
869,asiri77ss
870,u58zjERRCepZXMr
871,sumia1d
872,dr0_eman
873,AbuTame92243158
874,S0OzX8Yso8qPzvs
875,abosall777
876,alnassr12332
877,psh__b
878,fah16_i
879,wafe1399wafe
880,AAaa42863179
881,L4OgDxflTKbJXGV
882,P9XtoIdMYY8LS4P
883,0501197196s
884,m255010943
885,purbOLDXgX22rl7
886,7kayaSa
887,abosall777
888,alialsaad22
889,M3rfa3
890,Fahd_ano
891,abm3733
892,Absnoaf1
893,SALAH4K
894,5Ilee
895,hasan123918
896,v39MbDeTLJkdVg5
897,bnt_wailq8
898,Tlz7sjn
899,tomozo5884
900,ebn_fahd
901,alsyl_636
902,lammia2015
903,adel11333
904,khaldihu
905,ambassdo1818
906,BBBRggg
907,hassan45275
908,adel11333
909,swelam3045
910,PvM9BKQg1MEuCSu
911,dr_rhf_abk
912,62lLUVu485PuBGW
913,AL__90s
914,1CARONE
915,ALTHBTp_511_RT
916,lina_forever90
917,trabzon_heaven
918,wCxdBTvUaB1xMUy
919,7pretsh5
920,saba7s7
921,khadimalsaudi2
922,_G_Vip_
923,nefeen_9
924,To_helll
925,mohaid123
926,m__hh0
927,The_1_good
928,swelam3045
929,o1_do
930,ye20575
931,joooooooj26
932,FawwazFahad
933,areyzcggmailco2
934,abuaish099
935,Kitchen_mam1
936,manvilgy
937,cfc_lamps8
938,3qall
939,HOME_CHOCOLAT1
940,Sami_sulyman
941,xVmGeyaS6jWIZuS
942,ladaminad
943,nnkwsal
944,Shwekar_Z
945,itsRouii
946,iio8r
947,nalgrn20
948,B5kqgZXxhwdb7kl
949,nalgrn20
950,ir1_oi
951,ABEER7100
952,ll42z
953,h__f27
954,UlMll
955,mnjhk12
956,nuor310
957,GUVIIL
958,mee5110
959,Arej_e
960,A_th211
961,laraym_
962,2wn3__
963,o95l4
964,dhoome2014
965,UiuooN
966,FooLaath
967,NHm6wqTqIBD8yfP
968,bhiil12
969,Green875
970,ir1_oi
971,iin7y
972,xilxil7
973,mh511mm
974,or_ee11
975,7wezzh
976,sajaibrahim_
977,Nnonn321
978,mnaj_00
979,___ii33
980,swiii0_
981,norsys88
982,o1_sc
983,_aixai
984,r_ali10
985,rooz04912481
986,AAHanAKK
987,cvil_77
988,heem_22
989,xx11_sh
990,faa_rs22
991,___ii33
992,ansan_gr
993,qozan_
994,qrio0_
995,0ttt6
996,51R15
997,Moh___ssb
998,Nayif2002
999,M4u_2115
1000,B_e1995
1001,Mun3zll
1002,Eillx__
1003,falahm505
1004,Ssmmm9903
1005,m___s70
1006,kuw_4f4
1007,m4m_is
1008,AlanoudMi
1009,shoog_alanzy
1010,3LY3_
1011,jb8__
