0;yunnikimbeta
1;Eugeniocoto
2;xandesto
3;petshopsting
4;db_shrek
5;shamara11201334
6;hevertonmaicon
7;Neyy2409
8;Luanaje72402059
9;loredanapereira
10;pedrodiasbh
11;welling28843693
12;marciocalopsita
13;WYTACIANO
14;TalysJunior
15;Elvis37901705
16;Marcio010171
17;Messiasxavierf4
18;gustavotelecom1
19;ritamendes1986
20;Inaldo03872239
21;LexRamosBh
22;TammySena4
23;cevejaecoco
24;marx_sp
25;rafamendes2231
26;AliinneGalvao
27;LimJanailson
28;Luciano22451256
29;warleyercilio
30;lucasbromao
31;Edsonzizo
32;ArualdoSil
33;ademirzim
34;vladimir_chaves
35;leiderjoselago
36;mitsuoliver
37;Ayrton12oliveir
38;renaanzito_
39;NatanWas
40;Djohnny21
41;pandainfocyber
42;bleandrorocha
43;d2niel83
44;Bruno_souza87
45;Ayrtonscp
46;psarmento61
47;Nnazare85
48;luizp395
49;EduardoLuizBar8
50;pimentelacarlos
51;Wiriossilva
52;HiranoWillian
53;diogowhite
54;jaderfma
55;FaelziinhoRodri
56;andersonkikoo
57;julissongomes
58;carlosti2010
59;josenildo7535
60;Mrcio16193599
61;Laerte664
62;neshamahdub
63;DgGuttierres
64;DeyseFontes
65;Cristtiaano
66;Raquel98136781
67;SrgioHenriqueB1
68;Nataliatimbeta2
69;LuizGom19574205
70;polyanaksilva
71;marcelocastanh9
72;Jeffers36148750
73;MicaelissonMelo
74;giovanni_ptr
75;RONALDOALVESSI1
76;EmesonSoares
77;OscarAdv
78;kochluiz1
79;brunnasoares98
80;frazaoloko
81;Del53353839
82;rodrigomaraba
83;_KakaMartins
84;cacau_rj
85;gomes664
86;JonasLcavalcant
87;Phmoreno10
88;ArthurMoozer
89;Jessica91157512
90;Claudin02360961
91;guisantosdoskt
92;JuMixDantas
93;ThaisMonielly
94;thatandradee
95;CarolOliveyra93
96;carolvianasouza
97;ALEXASCCUNHA
98;nelsonsousaS2
99;AdemiltonSou
